{
  "$schema": "./node_modules/@angular/service-worker/config/schema.json",
  "index": "/index.html",
  "assetGroups": [
    {
      "name": "app",
      "installMode": "prefetch",
      "resources": {
        "files": [
          "/favicon.ico",
          "/index.html",
          "/manifest.webmanifest",
          "/*.css",
          "/*.js"
        ],
        "urls": [
          "https://fonts.googleapis.com/css2?family=Roboto:wght@300;400;500&amp;display=swap",
          "https://fonts.googleapis.com/icon?family=Material+Icons"
        ]
      }
    },
    {
      "name": "assets",
      "installMode": "lazy",
      "updateMode": "prefetch",
      "resources": {
        "files": [
          "/assets/**",
          "/*.(svg|cur|jpg|jpeg|png|apng|webp|avif|gif|otf|ttf|woff|woff2)"
        ]
      }
    }
  ],
  "dataGroups": [
    {
      "name": "openlibra-api",
      "urls": ["https://www.etnassoft.com/api/v1/**"],
      "cacheConfig": {
        "maxSize": 100,
        "maxAge": "1h",
        "timeout": "5s",
        "strategy": "freshness"
      }
    }
  ]
}
